ARS,Question 1,Réponse 1,Question 2,Réponse 2
IMMANENCE,"Pouvez-vous nous apporter un témoignage sur la façon dont votre structure répond, à travers ses modalités de fonctionnement, au contexte actuel et/ou celui de son émergence ?","Immanence a été créé en 1998 à une époque où de nombreux artist run space sont apparu. Si ces lieux d’exposition ont émergé dans les années 1990 c’était aussi une réponse à une situation bien particulière. Le contexte de l’époque est le suivant : La crise financière en France va voir l’éclatement de la bulle spéculative du marché de l’art, s’effondrant dans les premières années de cette décennie. Les artistes ne trouvent plus opportun d’exposer dans les galeries fermant les unes après les autres. Ils vont créer leurs propres structures de monstration. Le contexte français est plus complexe et la crise financière n’est pas seulement fautive, s’ajoute à cela une crise générationnelle au sein même du monde de l’art en France. Une nouvelle génération de critiques n’ayant pas accès aux revues dominantes de l’époque (Artpress ou Beaux-arts magazine), vont créer eux-mêmes leurs propres organes de presse, leurs propres revues et magazines. Ils vont entrainer avec eux une génération d’artistes aussi divers et variés que le sont ces critiques. Vont ainsi naitre une pléiades de revues et de magazines tels que : Purple prose (1992) d’Elein Fleiss et Olivier Zahm, Blocnotes (1992-1998), documents sur l’art (1992) de Nicolas Bourriaud, Eric Troncy, Philippe Parreno et Liam Gillick., perpendiculaire (1995) de Nicolas Bourriaud, Jean-Yves Jouannais et Christophe Duchatelet, Parpaings (1999) de Christophe le Gac, Particules (2003-2010) de Stéphane Corréard, Le journal des expositions (1992-2000) et Post de Camille Saint-Jacques Verso Arts et Lettres (1996) de Jean-Luc Chalumeau. Les années 1990 sont les années du changement radical dans l’attitude des artistes. La création d’un lieu alternatif, un acte plutôt marginal, va devenir plus fréquent, jusqu'à peut-être devenir la norme. Les jeunes artistes des années 1990 vont s’organiser, se regrouper en réseau, mettant de côté le plan de carrière habituel consistant à exposer dans une galerie commerciale, dans l’espoir d’intégrer le marché de l’art. Ils vont remettre à plus tard leur ambition de carrière institutionnelle. Ce qui passe pour être alternatif à l’époque ce sont les lieux intermédiaires. Pour l’institution, les artist-run space ne sont pas encore repérés, ne faisant pas encore partie du paysage artistique pourtant, ils vont s’imposer dans ce paysage. Ces lieux et espaces alternatifs vont apparaître, pousser, se développer les uns après les autres. Nous pouvons distinguer différents types de créations d’espaces et d’initiatives, les appartements, les lieux d’expositions, les collectifs d’artistes et/ou de critiques et les ateliers de production. Les artistes français vont créer un nouveau canon artistique, un nouveau stéréotype, le lieu alternatif, l’artist-run space se propageant jusque chez les collectionneurs et les galeristes. Aujourd’hui, le contexte est différent, de nombreux artistes ouvrent des lieux non plus de manière désintéressée mais afin de se faire repérer. Un autre intermédiaire est apparu depuis les années 1990, le curateur. Ce dernier prend normalement soin d’organiser des expositions mais aujourd’hui, il prend surtout soin de lui-même. Ainsi il n’est pas rare de recevoir des newsletters de curateurs annonçant leur prochaines expositions comme le ferai un artiste, certains ont même un site internet. Les artist run space en France sont encore marginaux, certes ils sont repérés par les institutions mais n’obtiennent que de faible financements publics. Souvent ces artistes sont bénévoles, aucun partenaires public ne souhaitent aborder la question des salaires et pourtant ces lieux contribuent à la démocratisation de l’accès à la culture, ils rendent accessible à toutes et à tous les richesses de la création actuelle et permettent de lutter contre les inégalités, les discriminations, l’arbitraire et le communautarisme. Pour le moment, il n’y a aucun effort fait de la part des gouvernements de droite ou de gauche pour financer de manière pérenne des emplois dans les structures indépendantes, un combat de plus à mener à l’avenir.",Pensez-vous que votre espace ou l’espace auquel vous avez participé puisse être considéré comme une œuvre ? Et si oui dans quel sens ?,"Ce n’est pas parce qu’un lieu est créé et géré par un ou plusieurs artistes que ce lieu est une œuvre. Il s’agit même d’un contre sens. Les artistes qui ouvrent et gèrent des lieux d’exposition sont des artistes-curateurs. Ils possèdent une double activité. Une activité artistique et une activité curatoriale. Parfois ces deux activités se croisent. La question qui peut être posée est : Est-ce que l’activité artistique peux influencer l’activité curatoriale et inversement ? Parfois il peut arriver que le travail artistique d’un artiste-curateur soit en relation étroite avec une ou plusieurs expositions organisées. Parfois la pratique artistique est éloignée de la pratique curatoriale. Quoiqu’il en soit, cette double pratique d’artiste-curateur s’affirme comme pleinement assumée et vivace. Chez les artistes-curateurs fondateurs de lieux, l’activité artistique vit en parallèle à la gestion d’un lieu d’exposition. Ces artistes-curateurs énoncent un mode de fonctionnement alternatif à un modèle linéaire. Une exposition, organisée par un artiste ou à l’initiative d’un artist-run spaces, peut-être un modèle de production et de conception. Les lieux indépendants permettent dès lors, à de nombreux artistes de poser les bases de leurs réflexions. L’artiste-curateur propose un modèle transversal, liant ses compétences historiques, philosophiques à ses expériences artistiques, allant de la conception à la réalisation. Quelle raison mène des artistes à vouloir montrer d’autres artistes ? Souvent, il s’agit de faire écho, de proposer au public un regard différent nourri d’expériences, de rencontres, d’envies. La ligne directrice des artistes-curateurs est une courbe, souvent insaisissable. Le défi est la réussite de la couverture d’un spectre très large, d’un champ hétérogène tout en restant attentifs et inventifs. Pour eux, l’exposition se présente comme un désert à peupler. La double activité se nourrit d’expositions vues mais aussi organisées, faisant avancer rapidement les artistes-curateurs. Organiser des expositions dans un même lieu requiert une approche différente, demandant une remise en question permanente de l’idée même de curateur. C’est en organisant une série d’expositions que l’on devient curateur. La fonction théorique et heuristique des artistes-curateurs, leurs capacités à déterritorialiser les champs du savoir, ont tendance à faire éclater toute typologie mise en place."
+/-L’épicerie,"Pouvez-vous nous apporter un témoignage sur la façon dont votre structure répond, à travers ses modalités de fonctionnement, au contexte actuel et/ou celui de son émergence ?","Pour répondre à la première question, je pourrais dire que cela dépend des projets. Concernant le Projet de « +/- L’épicerie » ou de « Donnant-Donnant » la volonté initiale était clairement un positionnement et une réponse poétique voire politique. L’infrastructure de monstration et les protocoles mis en œuvre d’alors était volontairement fragile et n’avait pas volonté de s’institutionnaliser, c’était une réponse ici et maintenant au contexte social et artistique de l’époque. Les années 90 ont vu éclore l'Esthétique relationnelle, conceptualisée par l'historien et critique d'art Nicolas Bourriaud. Peu de structures accueillaient le travail des jeunes artistes. Ils se sont alors mis à investir des lieux inadaptés, à pratiquer la fête comme un art. La rencontre de l'autre devenait performance, la performance devenait œuvre. Avec le vidéaste Stéphane Broc, nous nous sommes inscrits dans ce courant en créant +/- l'Epicerie?. De 1998 à 2004, nous avons organisé des programmations de plasticiens sonores et de vidéastes dans une petite épicerie berbère du vingtième arrondissement de Paris. Nous souhaitions intervenir dans un lieu de proximité, créer des rencontres inattendues tout en désacralisant l'art avec un grand A . Notre intention était d’en faire un objet fictionnel, poétique et relationnel. Une sorte de production de Sociabilité en somme faite au travers de proposition d’artistes tout en conservant la fonction première du lieu; celle d’un commerce de proximité. Ce projet a fini par avoir une itinérance: dans une épicerie du Monténégro pendant la Biennale de Cetinje, une boucherie en Pologne, une cantine d'Etat, un magasin de clous... Concernant l’Espace d’en bas, sa structure plus pérenne a permis de construire dans le temps un outil plus confortable. Malgré une économie toujours fragile, « L’espace d’en bas » offrait une alternative au circuit commercial du milieu de l’art contemporain. Un espace de liberté faisant le pont entre Atelier et lieu de diffusion. Aujourd’hui avec les Éditions de l’Espace d’en bas et la Collection Adresse le projet est plus léger, prenant une forme davantage éditoriale, l’idée de constitué une empreinte demeure, il est aussi une réponse à une époque du tout numérique ou l’individu se noie dans le bourdonnement collectif des Data & du Cloud. Revenir à l’individu de manière sensible et intime.",Pensez-vous que votre espace ou l’espace auquel vous avez participé puisse être considéré comme une œuvre ? Et si oui dans quel sens ?,"Concernant la question 2 et pour ma part, je revendique volontairement la notion de travail d’auteur, et laisse l’appréciation aux autres de considérer ce travail comme « œuvre ». L’archivage d’une documentation, la réflexion autour de cette matière, sa réinterprétation sous des formes plastique, sonore, filmique ou encore d’installation font partie intégrante de mon travail. Tisser des ponts entre pratique curatoriale et artistique a toujours été de soit, l’un pouvant servir de matériau et de trame narrative a l’autre. Mais le plus important dans cette démarche a toujours été de favoriser l’esprit et l’intelligence du collectif, celui pour lequel l’histoire prend tout son sens et vaut la peine d’être vécu."
PAMELA artist-run space,"Pouvez-vous nous apporter un témoignage sur la façon dont votre structure répond, à travers ses modalités de fonctionnement, au contexte actuel et/ou celui de son émergence ?","Depuis le début de la création de Pamela, nous sommes attentifs à ce que le terme collectif, souvent accolé à ce type de projet, ne soit pas employé à notre sujet pour privilégier celui de coopérative. Ce terme nous paraît plus approprié pour définir ce qui nous anime, c'est-à-dire la mise en commun de ressources matérielles et immatérielles dans un projet émancipateur pour ses membres et les artistes avec qui nous choisissons de collaborer sur le principe de l'artist-run space comme lieu pensé pour et par des artistes. Cela nous semble important dans un milieu de l'art qui reste encore très vertical dans ses fonctionnements de pouvoir créer un lieu qui s'affranchisse autant qu'il le peut de certaines hiérarchies (le commissaire, le critique ou les institutions). Dans cette idée nous maintenons une organisation la plus horizontale et collégiale possible. Si la question ne précise pas de quel contexte elle parle elle suppose pour nous celui d'un contexte des politiques culturelles. C'est dans ce contexte que nous tentons de démontrer la viabilité d'un fonctionnement qui tente d'établir un dialogue plus équilibré avec ses tutelles dans une autonomie et une exigence des propositions. Ce qui nous permet justement de réinvestir collectivement des territoires difficilement accessibles à des artistes isolés et sans structure de soutien : le commissariat, l'exercice critique, la médiation de nos recherches et celles des artistes invités.",Pensez-vous que votre espace ou l’espace auquel vous avez participé puisse être considéré comme une œuvre ? Et si oui dans quel sens ?,"Nous ne pensons pas que Pamela soit une œuvre à proprement parler mais peut-être qu'on peut considérer qu'elle œuvre à quelque chose selon les conditions et les contextes où elle déploie ses actions. Comme dit plus haut, Pamela ne se pense pas comme un collectif mais comme un outil au service des artistes qui l'animent en dehors de toute communauté d'intention plastique. Pamela est un outil à géométrie variable dont les usages se réinventent selon les propositions des artistes qui l'invertissent. Si Pamela ne se pense pas comme œuvre à priori, il est possible qu'à l'avenir une édition qui ferait le bilan, à posteriori, d'une première période d'activation puisse peut-être faire œuvre à ce moment-là et démontrer la singularité et la cohérence d'une trajectoire. Steven Le priol pour Pamela artist-run space à Nîmes @pamelaartistrunspace"
"Q1 Can you tell us how your structure responds, through its operating methods, to the current context and/or the context of its emergence?","Pouvez-vous nous apporter un témoignage sur la façon dont votre structure répond, à travers ses modalités de fonctionnement, au contexte actuel et/ou celui de son émergence ?","Si j’ai été active au sein de l’équipe initiatrice du 6B, à Saint-Denis, durant les trois premières années suivant sa création, cet engagement est révolu depuis un certain temps. De même, le collectif kurt-forever dont je suis co-fondatrice est actuellement en dormance - j’ai poursuivi le commissariat et la critique en solo ces dernières années. Je livre donc un constat rétroactif, et cette distance m’incite à une approche moins testimoniale, peut-être un peu plus générique sur la notion d’artist run space. Le 6b s’est voulu artist run space. Mais l’a-t-il jamais vraiment été, exclusivement ? Ce sont bien les artistes qui ont, en premier, défriché ces anciens bureaux. Eux avaient, depuis toujours, cette nécessité économique impérieuse - tellement peu d’ateliers disponibles en région parisienne, et à quels prix. Eux avaient, surtout, l’opiniâtreté et les capacités d’un apport en industrie décisif pour affranchir le lieu de sa destination première et l’ouvrir à plus de mobilité. Les artistes ont ainsi défriché le 6b. Débarrassant les espaces communs de ce qui les résumait à leur fonction d’officine. Abattant les parois qui délimitaient certains postes de travail. Littéralement décloisonné, avec des communs considérablement augmentés (cantine, salle d’exposition, de projection, de répétition, atelier sérigraphie, base bois/métal…), cet espace à l’activité déterminée, précise et exclusive basculait : lieu(x) autre(s), potentiellement ouvert à d’autres activités, d’autres règles et d’autres formes d’obéissances et de désobéissances. En se débarrassant pour partie de la raideur des cloisonnements, les artistes ouvraient à un mélange des genres. Alors, plutôt que de remplir les conditions d’une cohabitation des différents plasticiens - lesquels bénéficiaient au 6b de l’espace, des outils partagés qui auraient du générer une communauté de travail -, ce lieu maintenant ouvert attirait, accueillait des associations, des particuliers peu ou prou éloignés de tout projet artistique. L’intention première se diluait dans les entreprises individuelles, parfois culturelles, mais avant tout commerciales. Equivoque : cet espace rendu davantage public, redevenait par petites touches privé. L’endroit redevenait un lieu à n fonctions, n destinations, la visée d’un artist run space restant d’importance mais n’en étant qu’une parmi d’autres. D’où l’agrégation ponctuelle, relative, des artistes en ce lieu : les rencontres, dialogues, corrélations, initiatives partagées, recherches conjointes ont existé et perdurent, mais le 6b ne fût pas, dans ces premières années, le collectif qu’il espérait occasionner. Plutôt un lieu d’accueil (de plasticiens, sur dossier, pour location de locaux, de commissaires invités sur la base de projets ponctuels et maintenant sous condition d’apport de financements extérieurs). La forme de l’atelier privé y a très vite tendu à l’hégémonie. Retrait du monde. Et, hors d’un projet commun, interchangeabilité des occupants.",Pensez-vous que votre espace ou l’espace auquel vous avez participé puisse être considéré comme une œuvre ? Et si oui dans quel sens ?,"Cet espace a, malgré tout, « donné lieu » à création. A des productions qui n’auraient pu, hors de cet espace, « avoir lieu ». Ce lieu qui se voulait à l’idéal réunir tous les autres (atelier, espace d’exposition, de critique, de conférence, de médiation, de publication, de vente…) les esquisser du moins, sinon les englober, a permis une dissémination des pratiques - entre différentes disciplines artistiques, entre théorie et pratique. Dans un artist run space, la confusion des lieux fait que rien ne va de soi - ni de l’autre. C’est le sens profond et la portée productive du collectif. Les repères symboliques préconstitués y sont perpétuellement questionnés par les rapprochements, la coprésence. Tout ce qui forclos les disciplines tend à se moduler, voire à s’effacer, et invite à faire preuve d’une flexibilité inédite de la pratique, de l’esprit. Le collectif artistique, son caractère participatif (étendant potentiellement le champ de l’action à un plus grand nombre, se développant non pas par convention ni injonction mais par consultation, et par un renouvellement constant d’adhésion) est à mon sens un dispositif particulièrement fécond dès lors qu’il est porteur d’une remise en question des rôles des acteurs et des institutions. Cela œuvre, cela fait œuvre."
DISPLAY,"Pouvez-vous nous apporter un témoignage sur la façon dont votre structure répond, à travers ses modalités de fonctionnement, au contexte actuel et/ou celui de son émergence ?","Le contexte de l'art au Japon a cela de différent avec le contexte Européen d'avoir un champ de l'art savant beaucoup plus faible ainsi qu'un marché de l'art interne historiquement peu dynamique. Dès lors, les institutions n'ont pas pour rôle premier de statuer sur des définitions de l'art et de procéder à un jugement esthétique. Les musées n'ont pas réellement d'autonomie et les expositions sont majoritairement le résultat de projets rentables d'entreprises privées du monde des médias ou parfois encore de politique nationale ou locale. Les artistes japonais sont habitués à payer pour exister publiquement. Pour les artistes d'art contemporain, la stratégie recommandée est d'être reconnue comme artiste japonais à l'international, ce qui favorise les prises de position nationalistes en jouant l'image attendue depuis l'extérieur. L'art au Japon est un lieu où circulent énormément de discours identitaires et essentialistes, la formule stéréotypée la plus courante étant l'opposition entre un art occidental qui serait rationnel et un art japonais qui serait émotionnel.
Dans ce conteste, le « Palais des paris » a souhaité produire un cadre dans lequel l'artiste ne paie pas et où les résidences sont un moment de réflexion théorique permettant au spectateur japonais d’expérimenter un jugement subjectif esthétique à l'équivalence de ce qu'il est permis de vivre dans le contexte de l'art européen.
Depuis une année, des films documentaires sont produits pour les francophones afin de partager les interrogations concernant la représentation d'une culture éloignée.",Pensez-vous que votre espace ou l’espace auquel vous avez participé puisse être considéré comme une œuvre ? Et si oui dans quel sens ?,"Nous ne pensons pas que l'espace du « Palais des paris » soit une œuvre. Notre souhait était de produire une articulation entre d'un côté la démarche d'un artiste produisant un objet et d'un autre côté un public japonais local. Cette articulation consiste en un travail de dialogue avec l'artiste, de contextualisation et de traduction vers le public pour atteindre une compréhension sans contresens.
Si l'on peut considérer notre démarche comme une « œuvre », alors celle-ci relève moins de la spatialité que de l'articulation langagière. Le film issu d'une résidence peut alors aussi être considéré comme « œuvre », cela sous le biais d'une articulation image-texte propre à ce type de médium."
Lieu-Commun,"Pouvez-vous nous apporter un témoignage sur la façon dont votre structure répond, à travers ses modalités de fonctionnement, au contexte actuel et/ou celui de son émergence ?","Je ne sais pas si nous répondons au contexte actuel. Mais Lieu-Commun, a renoué à partir de 2010 avec un fonctionnement horizontal et démocratique. L’équipe constitué de 4 personnes est rémunérée de la même façon quelque soit, son ancienneté, son niveau d’études, son poste et son expérience. Il n’y a pas de direction, ce n’est pas la direction artistique qui dirige, tout est décidé en commun, nous essayons au maximum d’être honnêtes par rapport à notre nom … Je ne sais pas si cela répond au contexte actuel mais nous voyons que cela provoque un trouble aussi bien aux niveaux des publics que de nos partenaires institutionnels. Nous faisons nos rendez-vous avec eux avec l’ensemble de l’équipe pour qu’ils comprennent notre fonctionnement.
C’est vrai aussi que cette égalité salariale provient du fait que si nous nous rémunérions à hauteur nos véritables salaires, notre structure n’y survivrait pas. Notre lieu s’il a l’envergure d’un petit centre d’art et remplit certaines de ses missions reste et revendique son identité d’artist run space. Nous sommes nés en 1997 de l’initiative d’artistes et en 2007 nous sommes métamorphosés suite à une fusion avec deux autres associations qui n’étaient pas à l’initiative d’artistes, de 2007 à 2010 nous avons suivis de mauvaises pistes pour enfin retrouver notre dynamique singulière de lieu d’artiste. Cette singularité est simple, nous donnons la priorité aux artistes en essayant au maximum de leur des conditions de travail dignes. Et d’expérience nous savons que nous rémunérons les artistes sur les expositions collectives aussi bien, voir plus, que certains grands musées. nous plaçons cette question des conditions de travail au centre de nos enjeux. Nous préférons travailler nos expositions politiquement que faire des expositions thématique politique nous essayons d’éviter le « militantisme washing » qui devient une marque de fabrique des institutions où de nombreuses directions signent des expositions décoloniales, féministes, écologiques tout en ignorant les enjeux sociaux qui traversent leurs structures. Le contexte actuel c’est aussi la double entrée de l’omniprésence du numérique et de l’arrivée des IA mais aussi la dégradation accélérée des services publiques, la convergence de ces facteurs implique la double conséquence d’une omnipotence des pouvoirs économiques et une augmentation drastique du tout sécuritaire pour les protéger. Les structures culturelles ne peuvent ignorer ces états de faits et doivent dans leurs activités répondre à ces enjeux.
De notre côté nous essayons d’y répondre de plusieurs façons. Via une programmation qui prône la diversité esthétique et sort des sentiers battus de l’art contemporain en élargissant notre champ d’investigation. Notre politique des publics participe aussi à l’inclusion et essaye de sensibiliser les personnes éloignées des cadres culturels. Nous souhaitons être un lieu ouvert et pensons qu’il est de la responsabilité de l’artiste de s’engager socialement en ne travaillant pas uniquement soit pour trouver sa place dans l’institution et développer sa recherche soit en produisant des objets pour décorer les intérieurs bourgeois et développer son patrimoine … Il y a heureusement d’autres figures d’artistes possibles. Les artistes et leurs lieux doivent participer  sensibiliser le maximum de publics aux enjeux plastiques et esthétiques à l’heure de la société des écrans notre responsabilités et de rendre via le travail des artistes accessibles les notions de savoir voir. Le fait que nous percevions des financements public nous inscrits pleinement dans le contexte sociétal, nous proposons finalement des missions de services publics en participant à professionnaliser les artistes et en comblant certaines insuffisances de l’éducation nationale en sensibilisant aux arts visuels. Ces financements nous permettent aussi d’avoir accès aux élus et d’essayer de les sensibiliser aux réalités de notre secteur et surtout à la précarité des artistes auteurices. Nous participons et avons avons co-créé 2 réseaux locaux, PinkPong, depuis 2008 à l’échelle de la métropole toulousaine et Air de midi à l’échelle de la région, le fait que Lieu-Commun en soit membre très actif, donne de la visibilité aux artistes, au sein de ces réseaux nous essayons au maximum de porter la voix des artistes. Nous avons aussi été très actif au sein d’art en grève et avons accueilli à plusieurs reprises la Buse pour mettre en jeu localement la
question de la continuité du revenu des artistes. Nous revendiquons aussi le fait que l’artiste soit une travailleureuse comme les autres en allant à l’encontre de la figure mythologique de l’artiste démiurge, si nous souhaitons avoir notre place dans la société inscrivons nous dedans en travaileureuses et pas en figure en surplomb
prompt à distribuer les jugements … Aujourd’hui nous avons plus qu’avant besoin de lieux qui proposent une double entrée artistes et publics, lieux d’échanges’ de partages et de travail. Depuis 1997 sur 4 décennies nous avons vus, artistes, publics et contexte évoluer et de notre côté avons su nous adapter au fil du temps, bientôt 30 ans de précarité aiguise nos capacités de survie, capacités qui dans le contexte actuel comme l’adaptabilité sont nécessaires si l’on souhaite un avenir différent …",Pensez-vous que votre espace ou l’espace auquel vous avez participé puisse être considéré comme une œuvre ? Et si oui dans quel sens ?,"Lieu-Commun est évidement un œuvre, mais une œuvre collective, construite à la fois par ses fondateurs et membres, son bureau, son CA, les artistes qui l’habite et les publics qui en sont les usagers.
Lieu-Commun est un organisme vivant qui n’est pas contrôlé par une personne mais par une mini communauté, diverses, mouvantes et changeantes.
Ce qui fait œuvre, aussi c’est notre inscription dans la cité en proposant une typologie hors normes dans le champ culturel, à la fois lieu fabrique avec des ateliers d’artistes,  lieu de professionnalisation avec des formations, lieu de résidences, lieu d’échanges internationaux, lieu de production, lieu de diffusion, lieu de sensibilisation et d’éducation, la multiplicité de nos activités et finalement nôtre position minoritaire dans le paysage culturel participe
paradoxalement à nous rendre visible. Cette visibilité contradictoire participe à une geste artistique.
L’intérêt d’une œuvre c’est en partie son inscription dans le temps, sa durée ou comment originaire d’une période elle continue au fil des décennies à produire du sens et à rester pertinente dans sa forme, c’est pour cela que la structure associative est adaptée pour faire œuvre car dans son principe elle évolue au fil du temps. Lieu- Commun se métamorphoses d’étapes en étapes mais garde le souvenir et l’impulsion de ses origines pour construire il faut avoir une assise, des fondations qui permettent de garder un cap et de s’adapter, dès 1997 à 25 ans, à nos débuts, nous projetions ce lieu, un lieu par des artistes, pour des artistes grand ouvert aux publics, nous y travaillons encore avec persévérance pour enfin parvenir à cet outil que nous percevions dès nos débuts …"
GLASSBOX,"Pouvez-vous nous apporter un témoignage sur la façon dont votre structure répond, à travers ses modalités de fonctionnement, au contexte actuel et/ou celui de son émergence ?","J’ai été invitée par Stéphane Despax à rejoindre Glassbox en 2010, surement en partie parce que depuis ma sortie des Beaux-arts je m’étais occupée en duo avec Emilie Schalck, d’un espace d’exposition dans un restaurant concert assez populaire à l’époque, à Montpellier «  le Baloard ». Puis qu’en 2009, j’organisais une grande manifestation à l’ENSP (École Nationale Supérieure du Paysage) au Potager du Roi à Versailles, avec l’association LAAB (Laboratoire Associatif d’Art et de Botanique) que j’avais fondé en 2007. L’idée était de fédérer et apporter une visibilité sur la recherche dans les domaines de l’art et de la botanique. Étant issue d’une famille de collectionneurs de plantes, j’entretiens encore aujourd’hui une grande sensibilité à la diversité végétales et à l’idée d’une perpétuation et conservation du « patrimoine vivant ». Une partie de mes activités consiste aux soins à apporter à plus de 3000 espèces de plantes sur un terrain de 1500m2 de terrain avec 6 serres... J’ai l’impression que cette sensibilité a toujours été présente dans ma façon de voir et d’aborder les choses, une acuité à la recherche et une appréciation des singularités. Cela étant dit, avec Émilie, notre arrivée à Glassbox est placée sous le signe du Hors-sol. L’hébergement à la cité Universitaire se termine en 2011 et nous adoptons d’emblée l’appellation de Glassbox Hors-Sol. Dénomination à laquelle je propose d’ajouter Épiphyte, qui correspond pour moi à une existence complémentaire et non parasite. (C’est l’époque du concept de Rhizome de Deleuze, qui pour ma part m’agace pour la place qu’il prend, on a l’impression qu’à part des rhizomes, plus rien ne peut exister). Les épiphytes sont des plantes de la famille des broméliacées (de l’ananas), elles se développent sur la hauteur des forêts humides Américaines là où les rayons du soleil peuvent les atteindre. Ce sont également des plantes qui génèrent un milieu de vie locale, en proposant en leur cœur à d’autres animaux et végétaux de petites réserves d’eau. Dès les années 2010 avec Stéphane et Émilie, nous commençons assez vite à déplacer et incorporer Glassbox dans différents typologies de lieux partenaires. Du Collectif 1.0.3 nous avons hérités du format des acteurs autonomes, un format de travail qui nous invite à nous calibrer au projet de l’artiste, un projet qui se réalise lui-même la plupart du temps hors les murs. Tout en gardant ce format, nous avons choisi de travailler de façon assez organique en articulant trois problématiques assez proche des sensibilités de chacun. Un an après, seule avec Émilie, nous étions harassé par le rythme soutenu des propositions et les adaptations à mettre en place dû au fait que nous intervenions dans des espaces aux contraintes chaque fois différentes. Assez vite nous avons discuté de la possibilité de trouver un nouveau lieu et à partir duquel nous pourrions redéployer les propositions. A cette époque d’ailleurs, le local vitré du sous-sol de la poste de la rue Oberkampf a été disponible, ça nous a fait hésiter, mais assez rapidement le local a été loué et c’est à 200m plus loin que nous avons finalement élu domicile. Depuis le début nous abordions le commissariat sous l’angle de formats de travail, ce qui nous permettez d’ouvrir à des problématiques à partir desquelles nous nous mettions à rechercher, dans le monde de l’art, au-delà de nos propres connaissances et affinités. Cela nous a permis d’aborder le travail des artistes invités de façon plus détachée afin de créer la rencontre. Du moment où nous avons inauguré la rue Moret en mars 2012, beaucoup de nos amis et amis d’amis, se sont mobilisés et nous avons pu en une année seulement, parfois être jusqu’à neuf à Glassbox (avec entre autres à cette époque, sur des durées variables et à des intensités diverses, Clémence Agnez, Damien Roger, Hugo Fortin, Lucille de Witte, Olivier Rignault, Anna Kerekes, Pascale Dassibat, Déborah Thurisset (...)). C’est à la fois le moment le plus jouissif et le plus difficile que nous ayons dû traverser car chacun de nous devait tout à la fois trouver et se donner une place, la fluidité et la simplicité des relations n’était pas toujours au rdv. Les années 2010 font suite à un véritable essor des artist-run spaces, une sorte de Boom de l’an 2000 (Cf. Thèse de la sociologue, Severine Marguin). Nous sentions cette vague et cette énergie et nous rencontrions de jeunes structures qui inventait de nouveaux modes d’existences, comme par exemple plateforme dans le douzième arrondissement (un espace mutualisé et loué par de très nombreux artistes, plus d’une vingtaine afin d’arriver à la contribution d’une somme la plus modique possible). Le contexte Parisien n’est pas évident et nous sommes conscient d’avoir eu la chance d’être une structure historique. Avec au tout début, le seul soutien financier de la DRAC, nous avons assez vite tissés de très bon liens de confiance avec de nouveaux interlocuteurs à la Région, ainsi que des partenaires privés et publics qui nous ont permis de multiplié par quatre, en quatre ans le budget de Glassbox. (Somme qui reste somme toute dérisoire porté en comparaison au budget de fonctionnement de n’importe quel petit centre d’art). C’est également à cette époque que les grandes fondations privées, comme la Fondation Ricard, Cartier et bien d’autres... ont ouvert leur propres espaces d’exposition et que le secteurs privés prends une ampleur sans précédent. En ayant leur espaces à investir, les fondations s’engagent par-là moins dans les structures indépendantes, comme par le passé avec les artist-run spaces. A cette époque et pour l’essentiel les subventions sont fléchées par les financeurs sur le projet de l’artiste ou une action, aussi le + difficile pour nous était de financer le lieu. Tous le monde étaient bénévoles, plus (ou moins bien) défrayés, ce pourquoi nous disions non sans ironie que « Glassbox aurait toujours 30 ans ». Difficile de rester là où à un moment, le professionnalisme appelle le salaire. J’étais enceinte et sur le pont d’accoucher à l’inauguration de Glassbox, je me souviens avoir envoyé les newsletters de l’hôpital avec mon compagnon qui avait cracké le réseau local. Et donc avant de me décider à retourner dans mon sud natal (deux ans plus tard), au cours d’un voyage par les eaux, le long du Danube, je décide de trouver dans les pays que je traverses, en République Tchèque, en Autriche et en Hongrie, les artist-run spaces. En Hongrie se fut difficile et le dernier jour, je trouve enfin un espace géré par des artistes. Il me paraît alors évident que du moment où l’on en trouve un, sans être exhaustif, il est beaucoup plus simple de trouver les autres. En tant qu’artiste c’est le type d’espace qui m’intéresse, qui me parle de la création actuelle et de ses possibilité d’émergences, de son contexte. Mon expérience à Glassbox, cet intérêt pour la plasticité nourrie par des modalités de travail renouvelées, m’ont invités a en rechercher les lignes à l’étranger , artist-run-spaces.org était née ! 2024, une dizaine d’année plus tard je m’apprête à inaugurer un nouvel espace projet, dit « artist-run space ». Cet espace de 130m2 hébergera les initiatives du LAAB et artist-run-spaces.org. Échotone est situé dans l’arrière-pays Montpelliérain, en terre cévenole, c’est un espace dédié à des résidences artistiques axées sur la recherche et pouvant se déployer sur un temps long allant d’un à trois ans. L’idée vient du LAAB, en 2014 le Château Éphémère nous propose une résidence et nous demande ce que nous souhaiterions en tant que résidents. Aussi et alors que quitter Glassbox était dans les cartons, des membres du LAAB qui déménageaient... La perspective d’un espace nous offrant une continuité était la solution. La résidence comme un pied à terre en commun, un endroit au sien duquel nous pouvions nous retrouver pour travailler. La décision fut prise et nous devenions résidents permanents du Château Éphémère – fabrique sonore et numérique - pour une durée de trois ans. Bien entendu il n'était pas question de vivre sur place pendant trois ans, mais bien de travailler et exposer notre recherche ponctuellement au public, à l’occasion d’Afterwork, un format d’ouverture au public mis en place par le Château Éphémère. Cela nous a permis de retrouver les mêmes personnes dans le temps, sur l’année, voire des années et de construire ensemble un échange dans le temps sur une dynamique de recherche. C’est ce dernier aspect que je souhaite développer avec ce nouveau projet d’espace, offrir au public, amateurs d’arts, artistes et passionnés, l’opportunité d’une rencontre avec une recherche en train de se faire. Un moment de discussions et d’échange, ouvert et inscrit sur une temporalité longue, plus en adéquation avec la temporalité de la recherche et le déploiement d’une intuition propre à l’artiste. Aujourd’hui je ressent la nécessité d’apporter de l’attention, du soin et de l’échange à la maturation du projet, comme à sa réception trop souvent éphémère et/ou frustrante pour l’artiste et le public. Enfin lorsque l’on parle de recherche, de prime abord, beaucoup ne pense qu’à la science, j’aimerai également contribuer à démocratiser cet aspect du travail mené par un artiste, le rendre accessible et dessiner les contours d’un espace me permettant de l’accueillir et de l’exposer.",Pensez-vous que votre espace ou l’espace auquel vous avez participé puisse être considéré comme une œuvre ? Et si oui dans quel sens ?,"Assez vite et dès la rédaction « à neuf » du texte de présentation des artist-run space, dans nos échanges avec nos différents interlocuteurs comme la sociologue Séverine Marguin pour ces recherches sur les espaces projets de Paris et de Berlin ou de la commissaire d’exposition et chercheuse Brésilienne Fabiana de Moraes sur les artist-run spaces du Brésil (...) Je remettais chaque fois sur le tapis cette histoire d’artist-run space et d’œuvre d’art ;) C’est comme si depuis tout ce temps et jusqu’à aujourd’hui j’attendais que quelqu’un en écrive l’histoire. Mon implication dans la structuration d’un espace d’art épouse les contours d’une volonté à voir naître ce que j’espère, ce que je désire, ce que je pense qu’il faut, (...) ce qui me manque, qu’il faudrait que je trouve et que je ne trouve pas. A ce moment-là l’action paraît impérieuse, inévitable. Pour moi les artist-run spaces sont des espaces plastiques, une œuvre à part entière qui est performée collectivement dans le temps, par des artistes aux mille visages : artiste-gestionnaires, artistes-curateur, artistes-techniciens de surfaces, artistes-chargé de communication, artiste-artisan (...) accompagnés d’artistes-invités ou artistes-résidents... Cette façon d’embrasser tous les rôles permet à certains artistes d’expérimenter et de se réapproprier le champ de l’art dans son ensemble, d’y retrouver du sens et d’une certaine manière de le faire sien. Cela permet d’être en adéquation avec une dynamique de recherche, de ne pas s’adapter mais tout au contraire d’adapter l’espace et le temps à l’œuvre, d’élaborer une pièce à plusieurs en cohérence avec son intuition."
Poteaux d’angle,"Pouvez-vous nous apporter un témoignage sur la façon dont votre structure répond, à travers ses modalités de fonctionnement, au contexte actuel et/ou celui de son émergence ?","Un espace sans contrainte de programmation, basé sur la rencontre plus ou moins fortuite avec les œuvres et artistes...le tout étant visible de la rue à tout moment, là aussi sans aucune contrainte.",Pensez-vous que votre espace ou l’espace auquel vous avez participé puisse être considéré comme une œuvre ? Et si oui dans quel sens ?,"Étant le seul gérant de ce lieu que je considère comme une résurgence de mon atelier, je le pense comme un projet artistique avec les multiples fluctuations d'une création...le lieu a sans cesse évoluer depuis sa création, furtif et génératif... Alain Sadania, artiste
Fondateur de Poteaux d’angle et Le lieu parallèle @poteauxdangle"
"Q1 : Pouvez-vous nous apporter un témoignage sur la façon dont votre structure répond, à travers ses modalités de fonctionnement, au contexte actuel et/ou celui de son émergence ?","Pouvez-vous nous apporter un témoignage sur la façon dont votre structure répond, à travers ses modalités de fonctionnement, au contexte actuel et/ou celui de son émergence ?","Dans l'historique, Glassbox a été imaginé pour répondre à un besoin particulier, celui de la diffusion d'artistes en fin de formation aux beaux-arts de Paris. Ces artistes cherchent des espaces pour montrer leur travail qui ne soit ni institutions, ni espaces commerciaux, pas désir d'émancipation mais aussi car ces espaces sont difficiles d'accès à des pratiques encore jeunes, n'ayant pas de grande visibilité. La programmation de Glassbox est restée dans cet interstice, permettant une grande liberté de programmation et de choix, créant l'alternative aux centres d'arts ou à d'autres structures de diffusions plus imperméables à des objets encore en recherche, à l'erreur, ou à l'essai. Je n'étais pas là à cette époque mais je me souviens du récit concernant le duo Trappier Duporté, qui avait un projet, soutenu par la DRAC de faire un ""wine cube"" dans un white cube en recouvrant les murs de vin rouge. Ils risquaient de perdre la bourse attribuée, faute d'avoir trouvé un lieu pouvant accueillir un tel projet et Glassbox leur a permis de produire cette installation/exposition. C'est pour moi un bon exemple de ce que peut permettre un artist run space. Aujourd'hui, dans son positionnement à Montpellier, Glassbox - Sud ouvre un nouveau champ à l'expérimentation, créant des mini-collectifs autour de la production des artistes invités pour leur permettre d'aboutir leur projet dans une relation de pairs avec l'équipe. Ce changement dans la relation artiste/structure comparé à celles d'autres espaces d'art fonctionnant sur des modèles différents permet l'émergence de propositions jusqu'alors peu représentées.",Pensez-vous que votre espace ou l’espace auquel vous avez participé puisse être considéré comme une œuvre ? Et si oui dans quel sens ?,"Je ne pense pas que l'espace ou le fonctionnement puisse être considéré comme une œuvre, dans le sens où sa vocation est d'en accueillir ou d'en faire germer de nouvelles. Il ne s'agit pas uniquement d'une boîte vide dans laquelle on poserait quelque chose sans qu'il n'y ai aucune affectation sur cette chose mais un peu comme une machine, composée des lieux, des outils, des humain·e·s qui la traverse, qui impacte doucement l'œuvre qui se pose en son sein. Cependant, je pense que dans nos pratiques dans cet espaces, des méthodes peuvent être assimilées à celles d'artistes en cours de création : expérimenter des formats, regarder les choses se faire et les analyser, les modifier un peu dans un sens ou dans un autre pour donner une nouvelle direction, une autre lecture du fonctionnement et des usages..."
DOS MARES,"Pouvez-vous nous apporter un témoignage sur la façon dont votre structure répond, à travers ses modalités de fonctionnement, au contexte actuel et/ou celui de son émergence ?","Créé en 2013, Dos Mares trouve son origine dans le projet artistique et la plateforme curatoriale imaginés par les artistes visuels et curateurs Ron Reyes Sevilla (Costa Rica) et Laurent le Bourhis (France), où leur champ de réflexion et de recherche est l'écosystème de l’art. Dos Mares propose des dispositifs interconnectés, chacun d'entre eux abordant des dimensions politiques, sociales, économiques ou relationnelles, où la relation au temps, la transition de l'emploi au travail, la question de la satisfaction d'être, la valeur de la recherche et de la production, les préoccupations environnementales, le rôle des industries créatives, l'analyse critique, la production de connaissances interdisciplinaires, le développement de pratiques translocales, les collaborations interculturelles et la construction de modèles économiques alternatifs et hybrides, entre autres, sont abordés de manière transversale. Ces dispositifs explorent la complexité de l'activité artistique et accompagnent les travailleur.euses de l’art dans la construction d'une position pertinente dans nos sociétés en mutation. À Dos Mares nous développons des stratégies et les méthodologies mises en œuvre dans les dispositifs interconnectés que nous avons créés et qui ne cessent de s'adapter aux contextes dans lesquels nous les exécutons. L'écosystème de l'art est notre terrain de recherche et c'est là que nous prenons position, en tant qu'artistes, curateurs, citoyens, pour proposer une vision singulière du monde. Travailler et interroger ce médium modifiera sans aucun doute l'écosystème, nous questionnons les changements qui ont surgi dans notre pratique, du rôle des espaces que nous avons créés, de la place de la technologie, de la manière de concevoir la circulation des personnes, des productions et des concepts en période de forte instabilité politique, sociale et économique. La mission que la structure s’est fixé est de repenser la pratique artistique, de développer le réseau professionnel et l’analyse critique, de produire des connaissances interdisciplinaires, de mettre en place des pratiques translocales, le commoning et les collaborations interculturelles, et de mettre en place des modèles économiques alternatifs et hybrides.",Pensez-vous que votre espace ou l’espace auquel vous avez participé puisse être considéré comme une œuvre ? Et si oui dans quel sens ?,"Oui. Comme les œuvres plus conventionnelles, chaque proposition - que nous appelons dispositif - a son propre cadre, son propre statement, sa propre fondation, sa propre durée, sa propre exposition, son propre financement, ses propres méthodes de production, son propre lieu d'exécution, etc. Chacun de ces dispositifs aborde un aspect spécifique du monde et occupe une position dans l'écosystème de l'art, et à Dos Mares nous les revendiquons comme des œuvres d’art. Dos Mares sont des dispositifs  que nous menons en qualité d’artistes. Ron Reyes Sevilla et Laurent Le Bourhis constituent ce duo que nous avons nommé Dos Mares et qui depuis 2013 est aussi une entreprise culturelle basée à Marseille. Nous mettons en place des actions à l’échelle locale, régionale, nationale et internationale en faveur du développement de l’activité artistique par des dispositifs axés sur la recherche en art davantage que sur l’exposition, c'est-à-dire sur tout ce qui précède et dépasse le seul moment de présentation publique des œuvres. Dos Mares n’est donc pas seulement un opérateur culturel ; ou plutôt son statut d’opérateur culturel est la réponse d’ordre administratif et juridique aux modalités d’existence d’un projet artistique singulier. Nous le considérons avant tout comme un terrain propice à l’émergence de dispositifs, c’est un champ d’expérimentations recouvert et alimenté par le champ de l’art contemporain. La mission que nous nous sommes fixée n’était pas de répondre à un marché ou de promouvoir telle activité mais de générer à travers des expérimentations épistémologiques une réflexion sur l’état de l’art contemporain, comment ses acteurs le perçoivent et participent à son évolution. Certains de ces dispositifs se déploient dans de petits espaces sur une courte durée et d’autres engagent des bâtiments et des communautés sur plusieurs années, certains reçoivent des financements publics ou privés, tous s’inscrivent dans le commoning. Dos Mares est un projet artistique co-construit par deux artistes dont les démarches sont ancrées dans le champ de l’art contemporain et portent sur l’écosystème de l’art lui-même. Les œuvres proposées par le duo prennent la forme de dispositifs, c'est-à- dire d’objets qui engagent des protocoles, des individus, des espaces, une temporalité et trouvent leur résolution dans ce qui est produit en commun plutôt que des objets inertes. Dos Mares et les dispositifs qu’il accueille n’ayant pas de matérialité tangible, il ne peut s’inscrire dans l’économie de l’art que d’une manière singulière. Habituellement l’artiste génère un bénéfice de son activité de création, de fabrication puis de vente, en reproduisant ce cycle pour chaque œuvre, dans une dynamique de croissance construite davantage sur la notoriété que sur l’augmentation de production. Ce modèle bien connu ne repose que sur la matérialité de l’œuvre qui permet son appropriation. Dans le cas d’un projet artistique comme celui de Dos Mares qui ne peut être vendu faute de matérialité, d’où pourrait provenir cette rémunération ? Cette question nous a amené à envisager les relations qu'entretient l’artiste avec son œuvre du point de vue de la dépendance financière, du désintérêt, du retour sur investissement ou de la subordination. Nous invitons donc dans le champ de l’art et en qualité de matériaux de travail des termes et des modalités issus de l’entreprise. Il s’agit bien de considérer ces mécanismes entrepreneuriaux comme autant de matières premières propices à l’émergence de formes économiques singulières, comme d’autres artistes s’attachent à produire des formes plastiques singulières. Le but n’est pas d’innover et de proposer de nouveaux modèles pour l’artiste ou de sortir les artistes de leur précarité financière mais bien d’interroger la relation œuvre/artiste à partir d’un point de vue économique."
